[root@ip-10-1-10-67 ec2-user]# mysql -u udacity -p udacity -h udacity.ch3zo51dxa4d.us-west-2.rds.amazonaws.com
Enter password:
Reading table information for completion of table and column names
You can turn off this feature to get a quicker startup with -A

Welcome to the MySQL monitor.  Commands end with ; or \g.
Your MySQL connection id is 25
Server version: 8.0.17 Source distribution

Copyright (c) 2000, 2018, Oracle and/or its affiliates. All rights reserved.

Oracle is a registered trademark of Oracle Corporation and/or its
affiliates. Other names may be trademarks of their respective
owners.

Type 'help;' or '\h' for help. Type '\c' to clear the current input statement.

mysql> show tables
    -> ;
+-------------------+
| Tables_in_udacity |
+-------------------+
| udc_darr          |
+-------------------+
1 row in set (0.01 sec)

mysql> select * from udc_darr
    -> ;
+------+------------------------------------+
| t_id | t_message                          |
+------+------------------------------------+
|    1 | Hello from mysql! This is Stephen. |
|    2 | Doing some table entries           |
+------+------------------------------------+
2 rows in set (0.00 sec)

mysql> insert into udc_darr (t_message) values ('Trying to modify read replica')
    -> ;
ERROR 1290 (HY000): The MySQL server is running with the --read-only option so it cannot execute this statement
mysql> insert into udc_darr (t_message) values ('Cannot modify read replica')
    -> ;
ERROR 1290 (HY000): The MySQL server is running with the --read-only option so it cannot execute this statement
mysql> insert into udc_darr (t_message) values ('One more before promotion')
    -> ;
ERROR 1290 (HY000): The MySQL server is running with the --read-only option so it cannot execute this statement
mysql> select * from udc_darr
    -> ;
+------+------------------------------------+
| t_id | t_message                          |
+------+------------------------------------+
|    1 | Hello from mysql! This is Stephen. |
|    2 | Doing some table entries           |
+------+------------------------------------+
2 rows in set (0.00 sec)

mysql>
